Campaign,Date,Impressions,Clicks,Conversions,Cost
Campaign S,2024-02-24,30099,2406,520,264.66
Campaign X,2024-01-25,49356,4869,3364,632.97
Campaign B,2024-01-21,35406,1978,428,751.64
Campaign U,2024-04-09,8329,571,58,234.11
Campaign F,2024-03-12,18632,228,53,38.76
Campaign K,2024-01-04,29119,2325,283,465.0
Campaign G,2024-03-09,42217,3952,77,1501.76
Campaign O,2024-01-02,42389,651,514,325.5
Campaign X,2024-03-04,1981,26,5,7.02
Campaign O,2024-01-12,9587,758,537,280.46
Campaign F,2024-01-18,26993,75,12,24.0
Campaign D,2024-02-19,7161,270,37,126.9
Campaign R,2024-04-04,14893,959,849,460.32
Campaign L,2024-02-24,11083,9,4,3.96
Campaign E,2024-01-13,4045,308,289,120.12
Campaign V,2024-03-18,38628,2191,1569,657.3
Campaign M,2024-03-27,41611,2625,558,840.0
Campaign X,2024-01-19,43247,791,637,166.11
Campaign V,2024-01-13,25721,1369,165,670.81
Campaign A,2024-03-10,42136,3739,1479,1495.6
Campaign K,2024-03-15,10593,152,65,71.44
Campaign Y,2024-01-06,26838,2366,2179,236.6
Campaign M,2024-02-25,24598,1852,705,425.96
Campaign J,2024-01-16,11070,707,58,197.96
Campaign M,2024-03-01,41450,2340,2287,702.0
Campaign I,2024-01-02,48413,3663,3519,805.86
Campaign X,2024-01-15,46505,4196,695,1888.2
Campaign D,2024-02-20,25323,513,6,133.38
Campaign R,2024-04-05,8840,98,2,37.24
Campaign K,2024-01-24,22096,573,109,68.76
Campaign Z,2024-04-02,35278,2001,1609,860.43
Campaign E,2024-02-29,17780,1204,1170,397.32
Campaign N,2024-01-28,4155,238,151,35.7
Campaign Y,2024-02-22,39673,1216,39,158.08
Campaign W,2024-03-15,23149,68,10,19.72
Campaign D,2024-02-01,40528,1740,1572,208.8
Campaign O,2024-02-07,49832,3873,272,1200.63
Campaign F,2024-04-02,30961,117,91,32.76
Campaign K,2024-02-05,9544,559,385,223.6
Campaign Z,2024-01-04,25747,92,46,32.2
Campaign N,2024-01-05,41188,3900,3478,1911.0
Campaign O,2024-03-28,18031,193,174,30.88
Campaign F,2024-03-01,10477,154,8,18.48
Campaign C,2024-01-22,14733,638,540,223.3
Campaign Q,2024-04-06,33375,2986,384,537.48
Campaign N,2024-02-19,42480,769,527,361.43
Campaign Z,2024-04-10,41559,3160,952,663.6
Campaign D,2024-04-09,21231,1770,667,424.8
Campaign B,2024-01-09,8137,667,419,146.74
Campaign V,2024-01-15,8099,223,99,35.68
Campaign I,2024-01-11,49278,3841,3082,1113.89
Campaign H,2024-03-11,30688,2759,1738,1351.91
Campaign G,2024-03-21,34502,2920,2606,554.8
Campaign D,2024-03-27,46911,1430,1300,271.7
Campaign P,2024-01-26,4315,139,30,31.97
Campaign I,2024-01-19,4423,436,404,122.08
Campaign B,2024-01-24,27661,2385,44,1001.7
Campaign N,2024-02-20,46108,674,437,323.52
Campaign D,2024-04-02,12204,647,546,252.33
Campaign X,2024-01-31,25143,164,3,82.0
Campaign U,2024-03-01,1154,86,6,22.36
Campaign F,2024-04-05,31946,1939,1125,542.92
Campaign J,2024-01-21,33749,2647,2057,423.52
Campaign Q,2024-03-25,43382,2484,2058,322.92
Campaign A,2024-04-02,8465,135,105,48.6
Campaign D,2024-01-05,41605,4159,2248,1663.6
Campaign Q,2024-03-30,16389,1295,1264,207.2
Campaign S,2024-03-12,11508,65,62,19.5
Campaign X,2024-02-05,20939,886,647,256.94
Campaign Y,2024-01-04,29771,1219,470,536.36
Campaign U,2024-04-08,9582,509,78,71.26
Campaign V,2024-03-10,35464,1077,561,441.57
Campaign M,2024-01-15,42041,912,351,355.68
Campaign F,2024-01-18,40322,2057,1489,843.37
Campaign U,2024-03-29,9334,269,111,99.53
Campaign P,2024-01-24,4212,306,26,143.82
Campaign M,2024-01-25,11162,895,84,241.65
Campaign F,2024-01-09,38770,2026,1627,486.24
Campaign P,2024-01-21,6189,576,552,167.04
Campaign M,2024-02-02,25386,2166,1840,801.42
Campaign G,2024-01-05,45121,1946,1847,428.12
Campaign D,2024-03-01,22173,2067,408,268.71
Campaign N,2024-03-13,35555,2161,1559,518.64
Campaign G,2024-01-09,5662,142,122,18.46
Campaign P,2024-02-05,27569,336,168,87.36
Campaign E,2024-01-30,7288,119,36,42.84
Campaign B,2024-04-04,6277,31,1,8.37
Campaign U,2024-02-22,15836,1534,15,613.6
Campaign Y,2024-03-28,9148,634,440,164.84
Campaign Z,2024-04-05,11351,608,95,285.76
Campaign A,2024-03-18,46197,3418,2163,1606.46
Campaign G,2024-01-28,36552,1514,209,181.68
Campaign L,2024-01-23,24015,692,631,207.6
Campaign P,2024-01-12,39621,2978,147,476.48
Campaign T,2024-03-29,30426,2713,2680,352.69
Campaign M,2024-01-03,6428,530,251,153.7
Campaign F,2024-01-31,35422,3189,885,1562.61
Campaign S,2024-01-15,37678,221,10,81.77
Campaign P,2024-02-28,2645,17,6,8.33
Campaign A,2024-01-16,14302,333,143,86.58
Campaign W,2024-02-01,37976,3004,2896,300.4
Campaign J,2024-01-12,28345,602,114,174.58
Campaign W,2024-01-08,1234,2,0,0.36
Campaign C,2024-03-14,24690,974,592,301.94
Campaign J,2024-03-30,22806,495,167,84.15
Campaign K,2024-03-21,43852,401,322,100.25
Campaign N,2024-02-03,10944,642,133,179.76
Campaign X,2024-01-09,36301,1249,831,399.68
Campaign V,2024-01-24,22012,181,17,41.63
Campaign O,2024-02-25,2878,91,74,14.56
Campaign T,2024-02-06,49342,4720,1933,991.2
Campaign W,2024-01-29,27354,2596,2308,778.8
Campaign D,2024-02-02,43708,2850,2178,997.5
Campaign W,2024-01-25,26874,977,574,195.4
Campaign F,2024-03-30,4663,227,71,95.34
Campaign M,2024-01-09,2793,163,106,63.57
Campaign Y,2024-02-19,32532,2341,2137,280.92
Campaign Y,2024-02-20,2609,59,34,18.29
Campaign Y,2024-01-05,7366,189,89,20.79
Campaign M,2024-01-29,29537,23,11,7.59
Campaign U,2024-03-12,25796,965,486,154.4
Campaign L,2024-01-11,30329,210,10,23.1
Campaign G,2024-02-27,10001,604,541,289.92
Campaign B,2024-03-11,22601,927,430,426.42
Campaign L,2024-01-13,31243,2993,1827,1346.85
Campaign A,2024-01-29,1040,21,14,5.25
Campaign X,2024-02-27,28690,1352,659,283.92
Campaign B,2024-02-22,20556,416,301,66.56
Campaign C,2024-02-27,39562,2130,551,894.6
Campaign Q,2024-02-02,47631,4288,3054,2101.12
Campaign R,2024-03-26,8111,305,229,140.3
Campaign C,2024-02-25,46597,939,546,93.9
Campaign S,2024-02-25,47784,381,189,64.77
Campaign V,2024-01-15,21685,305,141,125.05
Campaign B,2024-01-06,3552,233,49,27.96
Campaign F,2024-03-11,6544,454,56,217.92
Campaign H,2024-01-14,23057,1449,24,463.68
Campaign M,2024-04-01,18455,1378,195,344.5
Campaign N,2024-01-08,9317,802,286,184.46
Campaign A,2024-03-30,39016,67,56,23.45
Campaign E,2024-02-26,33132,2326,1796,1093.22
Campaign K,2024-02-17,42304,3287,2870,657.4
Campaign O,2024-03-11,14396,1278,461,127.8
Campaign I,2024-03-30,29509,2901,426,1160.4
Campaign M,2024-03-03,26520,940,937,272.6
Campaign F,2024-01-10,14062,1094,400,131.28
Campaign M,2024-03-13,5026,304,177,136.8
Campaign G,2024-01-14,8444,764,716,343.8
Campaign P,2024-03-14,37457,3612,234,975.24
Campaign C,2024-02-16,39402,2520,629,428.4
Campaign H,2024-01-16,21280,402,233,64.32
Campaign J,2024-02-02,21908,1421,1405,454.72
Campaign G,2024-02-07,44509,2440,1131,780.8
Campaign K,2024-02-09,4728,17,8,4.93
Campaign Q,2024-03-20,18074,965,353,221.95
Campaign U,2024-02-15,46090,2875,2308,805.0
Campaign Q,2024-02-19,46990,570,187,273.6
Campaign A,2024-03-14,35317,2460,1473,910.2
Campaign Z,2024-03-25,29289,1703,1680,408.72
Campaign T,2024-03-23,31186,147,44,19.11
Campaign N,2024-02-09,20429,1664,58,482.56
Campaign V,2024-02-02,28282,2241,1129,425.79
Campaign Q,2024-02-25,10225,26,13,11.96
Campaign D,2024-01-24,42776,3470,1851,451.1
Campaign Z,2024-01-13,16125,1584,581,364.32
Campaign T,2024-02-02,4941,99,27,39.6
Campaign U,2024-03-19,40721,3763,284,639.71
Campaign Q,2024-03-16,10804,154,26,61.6
Campaign J,2024-02-05,1218,85,64,21.25
Campaign G,2024-03-22,39954,2724,987,1198.56
Campaign B,2024-01-22,3786,150,77,70.5
Campaign Y,2024-01-07,32934,2985,1060,1492.5
Campaign M,2024-03-16,28634,2090,1921,334.4
Campaign D,2024-03-23,5657,185,48,79.55
Campaign S,2024-03-22,32749,2991,1531,897.3
Campaign R,2024-04-05,16449,614,235,135.08
Campaign I,2024-02-25,40659,10,10,4.3
Campaign Y,2024-01-12,8142,6,2,1.92
Campaign D,2024-03-01,12858,266,151,109.06
Campaign M,2024-03-19,13638,863,454,327.94
Campaign Q,2024-02-03,11976,372,61,100.44
Campaign V,2024-01-22,43256,55,50,15.4
Campaign R,2024-02-28,12950,1028,199,164.48
Campaign A,2024-02-07,1455,97,63,32.01
Campaign L,2024-01-08,10029,965,507,106.15
Campaign X,2024-01-07,13238,678,330,155.94
Campaign J,2024-03-02,43876,2901,967,725.25
Campaign V,2024-01-17,40653,2722,1834,489.96
Campaign X,2024-02-18,22670,1832,682,677.84
Campaign D,2024-02-16,39749,3142,429,754.08
Campaign U,2024-02-06,17133,537,526,64.44
Campaign E,2024-02-08,31156,3006,2265,360.72
Campaign X,2024-03-24,14963,523,219,230.12
Campaign P,2024-01-15,6157,51,25,14.28
Campaign Z,2024-02-15,8379,52,22,21.32
Campaign D,2024-02-12,38032,3331,3117,632.89
Campaign Y,2024-01-21,14470,78,20,9.36
Campaign C,2024-01-15,16179,437,345,131.1
Campaign C,2024-03-31,27854,2109,787,927.96
Campaign P,2024-01-28,33647,2111,97,759.96
Campaign C,2024-02-21,9717,959,959,201.39
Campaign P,2024-04-10,18737,620,23,161.2
Campaign B,2024-02-12,44667,1890,1779,888.3
Campaign O,2024-01-31,41967,2181,1893,370.77
Campaign N,2024-01-21,49085,2516,1169,1056.72
Campaign P,2024-01-01,35455,334,326,96.86
Campaign K,2024-03-13,8641,641,239,134.61
Campaign V,2024-02-21,39551,109,62,45.78
Campaign H,2024-04-07,18014,68,36,16.32
Campaign G,2024-01-14,32321,221,195,88.4
Campaign I,2024-03-10,9425,836,132,108.68
Campaign T,2024-04-02,12578,462,304,143.22
Campaign R,2024-01-26,46928,3675,2394,367.5
Campaign S,2024-03-16,1223,109,69,11.99
Campaign K,2024-02-14,1953,73,73,36.5
Campaign V,2024-02-22,18180,1756,830,263.4
Campaign O,2024-03-28,38521,1530,1156,260.1
Campaign M,2024-01-21,8354,424,320,152.64
Campaign H,2024-03-09,18008,1543,326,339.46
Campaign X,2024-03-20,23866,562,303,174.22
Campaign D,2024-02-26,16601,1592,357,716.4
Campaign T,2024-04-09,21115,1389,806,388.92
Campaign F,2024-03-07,20660,587,120,164.36
Campaign W,2024-01-08,2242,81,76,37.26
Campaign J,2024-03-25,26453,1573,1070,424.71
Campaign U,2024-01-23,32037,1006,401,492.94
Campaign Q,2024-01-05,26628,2079,1195,374.22
Campaign E,2024-01-12,47409,1703,730,340.6
Campaign N,2024-01-12,31343,804,335,249.24
Campaign J,2024-04-08,47999,2361,2223,306.93
Campaign V,2024-03-31,5961,210,155,27.3
Campaign N,2024-01-31,48218,2587,882,1293.5
Campaign R,2024-03-12,26352,2006,121,581.74
Campaign X,2024-03-04,47556,2588,1456,465.84
Campaign K,2024-02-27,33454,234,180,88.92
Campaign U,2024-01-25,13464,45,8,9.9
Campaign R,2024-03-08,23635,2353,436,400.01
Campaign R,2024-02-21,15312,1201,567,264.22
Campaign U,2024-02-12,1528,14,10,3.92
Campaign W,2024-04-07,18660,450,311,166.5
Campaign W,2024-03-28,8265,93,57,32.55
Campaign R,2024-03-18,33971,3105,1622,621.0
Campaign N,2024-01-27,3035,64,17,12.16
Campaign K,2024-02-15,49527,536,137,246.56
Campaign A,2024-03-21,15019,222,21,99.9
Campaign T,2024-03-20,47065,1623,1455,357.06
Campaign E,2024-02-11,24386,1742,1354,435.5
Campaign C,2024-03-03,21934,1823,311,236.99
Campaign O,2024-02-13,14270,438,8,70.08
Campaign P,2024-02-01,9096,658,367,98.7
Campaign O,2024-04-08,10339,703,446,246.05
Campaign A,2024-01-20,48290,779,778,116.85
Campaign S,2024-01-04,28112,2309,1208,854.33
Campaign K,2024-01-07,39209,1706,1692,562.98
Campaign W,2024-03-28,6748,579,543,121.59
Campaign S,2024-03-24,5096,423,317,67.68
Campaign O,2024-02-01,22529,1804,1711,883.96
Campaign Z,2024-03-10,12255,843,115,185.46
Campaign U,2024-01-22,2413,38,19,11.78
Campaign Y,2024-01-14,20016,350,134,42.0
Campaign Q,2024-01-30,9539,358,271,35.8
Campaign G,2024-01-15,46182,246,188,56.58
Campaign C,2024-01-07,14066,114,28,47.88
Campaign B,2024-04-06,30005,2867,87,1204.14
Campaign I,2024-02-10,27908,1088,356,456.96
Campaign D,2024-01-07,2972,4,1,0.88
Campaign F,2024-03-19,24700,785,713,109.9
Campaign T,2024-02-15,39607,3402,2,1054.62
Campaign T,2024-02-03,32142,2971,390,356.52
Campaign E,2024-01-08,35148,1573,1154,566.28
Campaign Q,2024-01-27,7453,25,6,9.25
Campaign P,2024-01-30,41083,2649,2293,980.13
Campaign J,2024-01-22,32418,2331,2322,256.41
Campaign V,2024-03-18,35771,2435,873,974.0
Campaign K,2024-02-22,42669,184,101,84.64
Campaign V,2024-03-03,11622,993,3,456.78
Campaign L,2024-03-23,46285,1638,1234,622.44
Campaign V,2024-01-26,33325,970,494,126.1
Campaign T,2024-02-12,24455,1949,1211,448.27
Campaign C,2024-02-08,13018,654,249,170.04
Campaign E,2024-02-21,43299,3023,135,1239.43
Campaign Q,2024-02-22,30268,2247,562,674.1
Campaign U,2024-03-27,15736,45,38,21.15
Campaign E,2024-02-06,16758,1312,656,157.44
Campaign Z,2024-01-06,24437,956,80,105.16
Campaign O,2024-01-04,22637,681,632,177.06
Campaign V,2024-02-15,39193,2696,1890,377.44
Campaign O,2024-03-07,49565,1017,950,294.93
Campaign U,2024-03-07,22824,797,284,326.77
Campaign X,2024-02-15,48212,3518,3034,1583.1
Campaign R,2024-02-29,12551,259,196,49.21
Campaign I,2024-02-16,3593,77,63,8.47
Campaign T,2024-02-29,33491,1840,1648,202.4
Campaign O,2024-01-15,20928,258,146,33.54
Campaign T,2024-01-08,16791,1292,1072,555.56
Campaign T,2024-03-19,5506,44,10,11.44
Campaign G,2024-01-12,29942,1100,592,297.0
Campaign S,2024-03-20,30204,1751,954,437.75
Campaign K,2024-03-17,45295,2285,948,571.25
Campaign W,2024-02-03,3707,209,72,87.78
Campaign N,2024-01-11,35983,343,146,106.33
Campaign L,2024-04-04,28384,1803,1261,757.26
Campaign B,2024-03-26,31301,1026,88,471.96
Campaign L,2024-02-25,33980,2561,1030,1101.23
Campaign I,2024-03-17,1766,136,70,17.68
Campaign J,2024-01-21,42450,3963,472,554.82
Campaign M,2024-02-18,28187,2694,757,1320.06
Campaign J,2024-03-09,48029,348,190,114.84
Campaign C,2024-01-30,15256,566,189,215.08
Campaign W,2024-01-24,34717,1479,1197,665.55
Campaign D,2024-02-06,32143,3207,893,769.68
Campaign U,2024-02-23,42688,1162,979,511.28
Campaign X,2024-04-09,34691,3152,1813,1008.64
Campaign B,2024-02-17,35256,1997,13,499.25
Campaign K,2024-04-01,32930,274,144,73.98
Campaign V,2024-03-22,23811,948,77,445.56
Campaign K,2024-03-24,37236,360,183,111.6
Campaign L,2024-02-21,6190,314,279,65.94
Campaign J,2024-03-27,13585,293,242,76.18
Campaign Z,2024-03-27,1016,40,30,14.8
Campaign E,2024-04-05,48674,74,72,11.1
Campaign E,2024-01-31,29417,813,235,138.21
Campaign Z,2024-03-06,23453,1707,1216,853.5
Campaign Q,2024-01-17,45775,1143,124,365.76
Campaign G,2024-02-10,43169,2910,1811,407.4
Campaign C,2024-03-05,18979,1668,600,417.0
Campaign F,2024-03-12,14275,534,102,229.62
Campaign B,2024-03-04,48333,2732,748,1284.04
Campaign S,2024-03-28,12060,995,765,298.5
Campaign P,2024-01-05,2052,124,76,58.28
Campaign I,2024-03-23,11381,183,82,87.84
Campaign Y,2024-03-23,15716,1559,772,249.44
Campaign A,2024-01-26,48371,2519,2296,1108.36
Campaign T,2024-02-25,15329,199,19,23.88
Campaign A,2024-03-01,17579,378,176,185.22
Campaign O,2024-02-26,17710,228,151,109.44
Campaign O,2024-04-10,33870,876,307,297.84
Campaign D,2024-03-31,26445,2509,886,526.89
Campaign S,2024-03-30,47950,3269,1736,588.42
Campaign H,2024-03-11,2005,127,4,13.97
Campaign X,2024-01-01,21961,927,445,417.15
Campaign E,2024-03-17,30027,2957,2837,620.97
Campaign O,2024-02-27,19831,1585,1282,634.0
Campaign T,2024-01-02,47088,2715,872,1276.05
Campaign W,2024-02-27,21925,1837,618,312.29
Campaign D,2024-02-20,39820,1523,1022,761.5
Campaign W,2024-03-21,47399,3889,481,1127.81
Campaign E,2024-04-08,27274,1823,1321,802.12
Campaign W,2024-01-22,40217,2437,1368,682.36
Campaign F,2024-01-28,30408,1300,359,325.0
Campaign U,2024-01-29,7027,356,269,53.4
Campaign T,2024-01-08,37642,649,567,266.09
Campaign P,2024-01-30,41043,3724,3351,1526.84
Campaign O,2024-03-07,23996,250,91,80.0
Campaign H,2024-04-07,28580,929,424,204.38
Campaign C,2024-03-28,49366,4611,17,553.32
Campaign A,2024-02-09,6314,394,293,133.96
Campaign T,2024-03-31,4895,167,110,41.75
Campaign A,2024-02-19,47844,920,398,395.6
Campaign S,2024-01-07,31871,0,0,0.0
Campaign G,2024-03-19,23691,2358,628,801.72
Campaign I,2024-02-22,48278,157,62,39.25
Campaign R,2024-04-01,31301,1847,324,738.8
Campaign O,2024-02-29,23560,1368,164,519.84
Campaign T,2024-03-11,17740,1187,254,261.14
Campaign O,2024-04-09,3939,355,165,120.7
Campaign B,2024-01-30,7363,13,12,1.69
Campaign K,2024-03-21,47375,1343,1291,241.74
Campaign B,2024-02-07,10532,187,111,43.01
Campaign P,2024-02-27,21728,2002,672,400.4
Campaign O,2024-04-05,27684,2350,1564,1151.5
Campaign W,2024-03-23,34739,738,558,73.8
Campaign V,2024-02-09,42104,1737,1524,468.99
Campaign I,2024-01-26,10791,617,359,265.31
Campaign R,2024-02-20,8171,273,183,43.68
Campaign V,2024-03-12,11096,367,1,161.48
Campaign S,2024-04-10,34004,384,18,161.28
Campaign N,2024-03-09,14392,214,135,42.8
Campaign D,2024-01-28,31785,1329,738,385.41
Campaign J,2024-02-29,26451,368,299,165.6
Campaign B,2024-03-03,34138,3408,2532,408.96
Campaign D,2024-02-25,48885,1774,289,177.4
Campaign S,2024-03-01,13328,155,55,58.9
Campaign Z,2024-03-18,10002,349,173,55.84
Campaign C,2024-01-17,30063,2945,1468,1295.8
Campaign R,2024-01-09,24169,2350,617,893.0
Campaign C,2024-02-06,31163,518,200,207.2
Campaign H,2024-02-17,8539,410,316,77.9
Campaign B,2024-01-01,9986,297,211,142.56
Campaign E,2024-03-05,44485,1138,403,113.8
Campaign K,2024-04-06,26926,2038,124,244.56
Campaign L,2024-01-20,13281,990,267,366.3
Campaign H,2024-03-14,35220,1812,1010,742.92
Campaign M,2024-01-02,41994,2001,1493,380.19
Campaign C,2024-01-25,8884,419,336,155.03
Campaign A,2024-01-13,15923,1509,1336,648.87
Campaign D,2024-03-29,4616,224,49,53.76
Campaign Q,2024-01-07,35753,3021,1860,876.09
Campaign Q,2024-04-02,22401,635,584,139.7
Campaign A,2024-01-02,47401,3441,3416,584.97
Campaign S,2024-03-21,8842,248,245,79.36
Campaign Q,2024-01-08,7985,619,445,61.9
Campaign J,2024-04-06,9261,93,64,26.04
Campaign Q,2024-01-05,6642,236,190,94.4
Campaign P,2024-03-16,15320,363,350,130.68
Campaign Q,2024-04-09,46063,2327,2082,1140.23
Campaign W,2024-04-02,36088,3306,1121,429.78
Campaign S,2024-03-29,17096,1207,400,543.15
Campaign O,2024-02-25,40100,1667,1267,350.07
Campaign I,2024-02-26,21783,115,98,48.3
Campaign B,2024-03-25,10598,945,212,340.2
Campaign A,2024-02-03,23293,291,214,116.4
Campaign E,2024-02-14,44973,2867,2229,1290.15
Campaign R,2024-03-01,29267,243,56,55.89
Campaign O,2024-01-08,48177,1201,120,516.43
Campaign Z,2024-04-06,46708,360,256,97.2
Campaign O,2024-03-07,14650,1123,337,224.6
Campaign X,2024-01-15,45609,3581,229,1647.26
Campaign U,2024-01-24,24149,2300,784,276.0
Campaign Z,2024-01-17,9409,813,601,243.9
Campaign W,2024-01-18,40183,3665,2249,1026.2
Campaign R,2024-02-26,19375,212,159,84.8
Campaign V,2024-01-13,32371,2220,2070,688.2
Campaign O,2024-02-08,20608,506,405,232.76
Campaign P,2024-03-20,30463,1537,996,430.36
Campaign G,2024-01-23,43665,1745,528,383.9
Campaign J,2024-03-10,21307,1236,822,148.32
Campaign C,2024-04-10,49311,491,94,122.75
Campaign G,2024-03-18,27901,2111,207,253.32
Campaign A,2024-02-05,45977,2765,641,1188.95
Campaign I,2024-03-09,12614,751,12,247.83
Campaign G,2024-01-14,3072,126,53,50.4
Campaign N,2024-03-23,33541,496,201,69.44
Campaign A,2024-04-07,3535,307,87,104.38
Campaign E,2024-01-14,25030,336,256,94.08
Campaign X,2024-02-11,9347,291,8,75.66
Campaign Y,2024-01-26,26812,2084,1527,791.92
Campaign H,2024-02-23,6052,484,384,179.08
Campaign U,2024-01-08,23410,809,629,250.79
Campaign R,2024-02-17,45100,346,285,131.48
Campaign R,2024-01-19,46025,2441,1750,537.02
Campaign J,2024-03-22,13085,1179,199,165.06
Campaign S,2024-03-13,26296,1742,1042,574.86
Campaign Q,2024-01-26,23748,2036,354,712.6
Campaign B,2024-01-14,3462,134,124,41.54
Campaign B,2024-03-21,22606,642,282,141.24
Campaign Q,2024-01-06,9980,67,26,32.16
Campaign M,2024-03-17,21855,992,657,188.48
Campaign K,2024-01-12,37745,2381,270,857.16
Campaign H,2024-04-07,28611,1024,12,133.12
Campaign R,2024-01-04,6210,581,241,278.88
Campaign W,2024-03-26,12344,970,406,455.9
Campaign U,2024-04-05,6921,175,59,77.0
Campaign J,2024-03-29,2523,126,87,20.16
Campaign U,2024-01-08,22894,1334,32,400.2
Campaign I,2024-02-22,3809,10,7,3.6
Campaign S,2024-01-08,7581,232,14,76.56
Campaign K,2024-03-07,33036,2879,174,547.01
Campaign M,2024-01-05,34376,2776,429,416.4
Campaign B,2024-02-05,7467,2,1,0.82
Campaign O,2024-04-08,23758,1302,335,338.52
Campaign R,2024-03-29,37463,1572,984,518.76
Campaign T,2024-03-17,8169,75,22,7.5
Campaign G,2024-03-18,10834,8,4,3.68
Campaign G,2024-02-19,49593,3000,1885,750.0
Campaign O,2024-02-26,21353,85,4,30.6
Campaign Q,2024-02-15,31605,1356,881,393.24
Campaign E,2024-03-19,48468,1043,859,250.32
Campaign A,2024-01-18,6635,527,372,258.23
Campaign M,2024-01-15,1601,100,77,50.0
Campaign O,2024-03-02,38440,2325,467,325.5
Campaign Z,2024-02-03,20058,965,892,357.05
Campaign T,2024-03-13,12699,914,740,438.72
Campaign H,2024-02-21,1403,36,26,7.2
Campaign V,2024-03-28,28401,1893,1800,870.78
Campaign S,2024-02-27,10636,641,112,83.33
Campaign J,2024-01-20,5516,519,298,108.99
Campaign W,2024-01-30,48513,2607,1844,808.17
Campaign Z,2024-03-31,10518,842,289,218.92
Campaign A,2024-04-02,37602,2919,2312,554.61
Campaign M,2024-02-12,23160,133,2,62.51
Campaign R,2024-01-09,2731,119,106,27.37
Campaign Y,2024-01-27,37873,742,240,304.22
Campaign P,2024-02-21,38621,2492,1424,448.56
Campaign Z,2024-02-21,20409,1243,439,472.34
Campaign R,2024-01-27,32420,2296,608,1056.16
Campaign A,2024-03-30,10657,869,736,312.84
Campaign E,2024-03-30,23180,1715,451,445.9
Campaign M,2024-02-19,34413,2524,603,1060.08
Campaign O,2024-01-17,35349,3119,772,561.42
Campaign B,2024-02-06,30377,2104,1662,547.04
Campaign O,2024-01-19,19270,258,28,36.12
Campaign D,2024-03-09,22632,901,826,189.21
Campaign M,2024-02-06,32180,3092,1938,556.56
Campaign I,2024-02-25,3264,188,4,77.08
Campaign B,2024-01-28,4104,409,325,196.32
Campaign F,2024-01-08,19252,1261,999,126.1
Campaign Z,2024-02-27,9693,944,606,198.24
Campaign H,2024-01-25,25917,1334,357,200.1
Campaign H,2024-01-19,19936,1686,387,337.2
Campaign J,2024-04-05,49464,3746,2816,973.96
Campaign T,2024-01-10,31039,71,32,8.52
Campaign I,2024-01-15,48276,2771,2628,1385.5
Campaign F,2024-03-09,42779,2950,942,1357.0
Campaign O,2024-03-26,7531,138,66,19.32
Campaign E,2024-02-01,26870,400,370,172.0
Campaign X,2024-01-03,12893,1276,1080,433.84
Campaign U,2024-01-09,17168,1306,423,300.38
Campaign B,2024-02-13,11760,529,417,142.83
Campaign O,2024-03-14,27826,1382,1245,248.76
Campaign H,2024-02-09,46137,2373,1363,901.74
Campaign O,2024-03-07,5603,251,58,45.18
Campaign H,2024-02-11,42041,3152,2755,1134.72
Campaign D,2024-04-04,12144,336,26,73.92
Campaign O,2024-01-19,6324,24,11,4.08
Campaign G,2024-02-24,41204,1992,1077,199.2
Campaign N,2024-04-09,22383,2067,1400,289.38
Campaign Y,2024-02-29,40035,2973,1909,386.49
Campaign O,2024-02-19,21272,1230,957,356.7
Campaign L,2024-03-01,24872,620,369,179.8
Campaign K,2024-04-07,42287,1438,310,690.24
Campaign U,2024-02-05,18312,1653,909,429.78
Campaign H,2024-02-20,16004,1068,85,416.52
Campaign C,2024-01-26,10542,536,224,112.56
Campaign Z,2024-03-15,21165,912,54,346.56
Campaign Q,2024-01-21,19947,946,152,378.4
Campaign H,2024-02-19,46764,34,3,10.54
Campaign B,2024-04-07,35458,2015,1696,423.15
Campaign Y,2024-03-07,33367,3267,1186,1274.13
Campaign V,2024-03-04,10941,1015,574,274.05
Campaign S,2024-01-24,2751,253,34,113.85
Campaign Z,2024-03-02,46877,985,72,118.2
Campaign S,2024-03-01,39358,1467,319,234.72
Campaign G,2024-03-22,8798,459,227,59.67
Campaign Y,2024-02-24,6914,79,44,15.01
Campaign K,2024-01-10,25839,1928,9,366.32
Campaign M,2024-04-09,22807,1917,1034,785.97
Campaign O,2024-01-27,47217,3178,383,1461.88
Campaign A,2024-03-28,21636,226,162,27.12
Campaign Q,2024-03-06,4324,145,10,30.45
Campaign S,2024-02-26,16492,1251,654,312.75
Campaign G,2024-03-07,25940,453,86,72.48
Campaign R,2024-04-07,12320,972,119,194.4
Campaign B,2024-02-14,23595,1301,363,455.35
Campaign W,2024-01-11,14979,542,254,119.24
Campaign H,2024-03-17,30696,660,143,297.0
Campaign P,2024-02-27,19781,991,1,386.49
Campaign Y,2024-02-18,35357,1058,162,476.1
Campaign G,2024-02-02,24159,1581,759,521.73
Campaign S,2024-02-14,48311,1352,553,229.84
Campaign W,2024-03-06,1145,85,45,18.7
Campaign Q,2024-03-19,47106,4009,3516,1563.51
Campaign N,2024-03-08,47464,2915,2221,874.5
Campaign L,2024-03-23,40276,2030,1901,974.4
Campaign Q,2024-03-17,35689,3201,2777,1376.43
Campaign B,2024-02-01,13084,162,11,64.8
Campaign G,2024-01-16,44733,2389,295,430.02
Campaign N,2024-03-27,28235,1192,133,429.12
Campaign N,2024-03-15,7930,706,12,261.22
Campaign N,2024-04-10,19261,864,565,336.96
Campaign H,2024-03-09,44105,1146,697,263.58
Campaign P,2024-03-03,32141,1178,54,400.52
Campaign L,2024-03-22,45107,953,256,219.19
Campaign Z,2024-04-10,30806,2988,1108,388.44
Campaign P,2024-03-05,29310,1637,570,343.77
Campaign Y,2024-03-29,47296,1493,1335,627.06
Campaign N,2024-01-11,11598,226,122,36.16
Campaign O,2024-01-02,49724,347,304,93.69
Campaign V,2024-03-26,36718,631,404,164.06
Campaign W,2024-04-03,7163,508,172,132.08
Campaign F,2024-02-19,21721,1351,688,553.91
Campaign C,2024-01-25,40108,448,40,197.12
Campaign U,2024-03-20,27254,2116,514,634.8
Campaign A,2024-01-27,23953,1006,110,492.94
Campaign G,2024-04-09,2965,109,3,53.41
Campaign P,2024-02-13,14646,45,43,11.7
Campaign J,2024-03-31,42206,292,125,40.88
Campaign P,2024-01-21,20368,1436,1291,215.4
Campaign L,2024-03-20,30057,2661,1592,771.69
Campaign V,2024-01-29,37580,632,254,246.48
Campaign T,2024-02-19,13030,189,63,86.94
Campaign Q,2024-02-02,25183,315,309,148.05
Campaign P,2024-03-03,32920,1502,1135,480.64
Campaign N,2024-02-21,25891,1039,691,425.99
Campaign C,2024-01-08,45802,2038,262,733.68
Campaign S,2024-03-09,46961,882,750,123.48
Campaign J,2024-03-22,2132,189,187,39.69
Campaign R,2024-01-14,38027,1682,805,605.52
Campaign K,2024-01-11,5663,343,256,78.89
Campaign X,2024-03-16,21279,1004,169,381.52
Campaign Q,2024-01-01,21738,928,783,315.52
Campaign E,2024-03-07,43391,930,783,130.2
Campaign S,2024-01-02,11688,402,124,124.62
Campaign H,2024-03-03,16064,645,175,161.25
Campaign K,2024-02-08,33080,2413,1123,820.42
Campaign F,2024-01-19,20162,192,85,46.08
Campaign N,2024-03-15,30142,1006,512,422.52
Campaign R,2024-01-16,45118,3461,2691,484.54
Campaign Q,2024-04-02,13386,565,37,203.4
Campaign P,2024-01-26,45929,2759,244,717.34
Campaign V,2024-04-10,45224,1696,1260,322.24
Campaign Y,2024-03-17,33514,2122,263,700.26
Campaign K,2024-03-03,6169,62,39,6.82
Campaign Y,2024-01-10,11978,1085,839,130.2
Campaign P,2024-01-17,19920,1466,91,469.12
Campaign O,2024-01-17,40261,3035,2722,515.95
Campaign O,2024-02-17,6632,5,1,1.85
Campaign T,2024-03-15,47463,1216,631,547.2
Campaign J,2024-02-17,17487,1497,669,374.25
Campaign C,2024-03-01,2387,192,161,28.8
Campaign M,2024-01-15,21770,601,252,90.15
Campaign O,2024-03-20,35795,2314,707,995.02
Campaign Q,2024-04-07,6823,584,390,146.0
Campaign M,2024-03-03,23581,2329,1938,1024.76
Campaign I,2024-03-31,30130,204,129,89.76
Campaign K,2024-03-21,46107,2484,2419,745.2
Campaign B,2024-02-23,16964,1220,1153,329.4
Campaign U,2024-01-23,45072,3446,2786,1240.56
Campaign U,2024-03-27,11038,650,373,201.5
Campaign G,2024-02-07,4095,232,99,37.12
Campaign W,2024-03-23,9331,596,0,143.04
Campaign V,2024-03-28,44641,852,126,230.04
Campaign R,2024-01-07,37424,2187,696,743.58
Campaign O,2024-03-03,15030,969,135,348.84
Campaign O,2024-03-29,26858,2161,1277,972.45
Campaign H,2024-03-06,21530,1352,415,351.52
Campaign Q,2024-03-22,35000,1143,175,445.77
Campaign D,2024-01-16,27047,2499,1900,549.78
Campaign A,2024-03-27,45117,2438,1236,877.68
Campaign Y,2024-03-03,47376,312,214,87.36
Campaign I,2024-02-01,48811,3739,1837,523.46
Campaign O,2024-01-27,7083,471,412,84.78
Campaign F,2024-03-14,36513,3271,2109,1210.27
Campaign L,2024-03-20,22337,1888,1279,774.08
Campaign T,2024-04-01,11854,470,193,169.2
Campaign M,2024-04-05,20393,1087,1024,250.01
Campaign M,2024-01-01,25351,1235,407,555.75
Campaign X,2024-01-02,11978,31,0,13.64
Campaign I,2024-03-21,24177,1871,1592,692.27
Campaign C,2024-02-05,5900,429,273,68.64
Campaign H,2024-02-14,30657,2460,2149,393.6
Campaign B,2024-02-14,20310,457,280,191.94
Campaign H,2024-01-01,38699,3487,2940,1743.5
Campaign L,2024-01-05,29723,1705,1276,392.15
Campaign W,2024-01-11,35041,3126,2079,500.16
Campaign O,2024-02-03,48241,724,344,123.08
Campaign R,2024-02-11,9350,114,38,41.04
Campaign T,2024-02-15,49875,1179,124,436.23
Campaign M,2024-01-25,24054,900,193,126.0
Campaign P,2024-02-06,39946,3329,2738,366.19
Campaign B,2024-01-20,26978,2138,1759,641.4
Campaign P,2024-01-07,18300,886,29,132.9
Campaign B,2024-03-03,42325,1488,659,580.32
Campaign V,2024-04-03,22405,1885,776,754.0
Campaign Z,2024-01-01,19806,153,128,36.72
Campaign S,2024-02-15,12765,49,3,7.35
Campaign Q,2024-02-22,17346,1496,1177,688.16
Campaign L,2024-02-23,28099,1551,116,263.67
Campaign N,2024-01-22,45595,1253,1166,338.31
Campaign L,2024-02-28,8987,520,218,88.4
Campaign R,2024-02-18,35416,3382,446,1217.52
Campaign I,2024-02-17,15192,846,478,338.4
Campaign Q,2024-03-30,27098,1007,68,392.73
Campaign I,2024-02-11,34580,2846,288,1109.94
Campaign C,2024-02-27,22088,1978,1130,989.0
Campaign B,2024-01-26,27368,2053,1266,1005.97
Campaign P,2024-02-21,9801,773,618,340.12
Campaign K,2024-01-13,36077,939,524,347.43
Campaign N,2024-03-12,49667,3458,3035,1659.84
Campaign R,2024-03-29,47800,994,454,367.78
Campaign F,2024-01-14,3807,324,71,139.32
Campaign U,2024-02-07,42472,3464,2391,1316.32
Campaign P,2024-03-31,16717,251,27,115.46
Campaign A,2024-02-28,35596,385,119,69.3
Campaign D,2024-01-23,45441,1403,946,434.93
Campaign X,2024-03-23,44189,1323,696,410.13
Campaign A,2024-01-17,34432,850,510,187.0
Campaign G,2024-03-21,3640,302,139,141.94
Campaign U,2024-01-09,2358,19,18,2.66
Campaign O,2024-04-04,34247,533,310,245.18
Campaign M,2024-03-22,31497,2241,1147,246.51
Campaign S,2024-03-25,8815,677,267,291.11
Campaign M,2024-01-29,45766,4562,2580,1231.74
Campaign X,2024-02-24,18399,385,369,103.95
Campaign C,2024-03-08,3538,329,179,161.21
Campaign D,2024-03-19,30355,61,7,29.89
Campaign O,2024-03-15,25432,356,258,99.68
Campaign J,2024-02-18,9866,943,140,160.31
Campaign E,2024-02-05,18047,992,547,218.24
Campaign P,2024-03-09,12653,592,374,224.96
Campaign G,2024-01-01,41479,2225,710,600.75
Campaign Q,2024-01-11,5855,423,134,54.99
Campaign A,2024-01-01,11233,127,62,58.42
Campaign O,2024-02-26,8044,538,527,177.54
Campaign M,2024-01-29,33958,2368,156,284.16
Campaign U,2024-01-29,39943,2002,1346,840.84
Campaign N,2024-01-22,16813,1662,986,365.64
Campaign F,2024-01-25,25895,1852,1546,574.12
Campaign P,2024-01-10,20228,520,27,156.0
Campaign W,2024-01-09,27073,2181,2119,501.63
Campaign D,2024-01-01,17621,1246,1097,323.96
Campaign D,2024-01-10,7580,339,328,37.29
Campaign Z,2024-02-22,2964,204,87,93.84
Campaign I,2024-02-23,34266,2703,714,567.63
Campaign L,2024-03-25,20204,407,140,109.89
Campaign N,2024-01-23,1269,110,30,20.9
Campaign G,2024-02-22,39484,2199,1849,1011.54
Campaign L,2024-02-08,27781,141,72,36.66
Campaign F,2024-03-20,26091,845,558,92.95
Campaign P,2024-04-09,45525,2767,1140,885.44
Campaign I,2024-02-14,9968,44,33,11.44
Campaign A,2024-03-29,43376,1618,1595,372.14
Campaign R,2024-02-01,5716,218,18,98.1
Campaign P,2024-01-31,34250,2692,18,753.76
Campaign P,2024-02-08,13636,110,61,11.0
Campaign Y,2024-03-28,36950,1739,1443,834.72
Campaign Q,2024-02-17,9912,320,94,70.4
Campaign C,2024-03-31,18352,355,239,42.6
Campaign W,2024-01-04,1692,144,135,61.92
Campaign C,2024-01-07,22746,441,203,167.58
Campaign F,2024-01-17,31859,2587,398,646.75
Campaign N,2024-01-09,44304,1834,1531,440.16
Campaign R,2024-04-06,4828,262,158,31.44
Campaign A,2024-03-24,26314,1445,567,173.4
Campaign I,2024-03-17,17226,35,26,11.2
Campaign N,2024-01-11,22208,2126,1238,850.4
Campaign Q,2024-03-28,27282,2291,1028,435.29
Campaign W,2024-03-24,2966,138,44,53.82
Campaign C,2024-03-02,35770,81,44,14.58
Campaign B,2024-02-04,48953,2159,1053,863.6
Campaign U,2024-03-29,34928,3207,2425,545.19
Campaign B,2024-01-04,21535,1380,155,510.6
Campaign M,2024-01-18,39236,3316,450,1459.04
Campaign N,2024-02-16,16416,314,42,69.08
Campaign E,2024-03-10,2617,70,57,16.8
Campaign G,2024-03-16,39978,1148,238,505.12
Campaign G,2024-04-04,36102,223,130,73.59
Campaign O,2024-03-07,6833,638,97,63.8
Campaign K,2024-02-10,30719,435,334,47.85
Campaign V,2024-04-04,21972,814,627,146.52
Campaign Z,2024-04-02,28510,32,20,8.96
Campaign Q,2024-01-18,29152,2142,779,1071.0
Campaign O,2024-03-16,27887,1653,754,330.6
Campaign Z,2024-02-02,46820,3815,1732,572.25
Campaign J,2024-01-22,33340,1270,801,508.0
Campaign Y,2024-01-05,31824,2890,1555,606.9
Campaign C,2024-04-06,26018,1711,168,735.73
Campaign S,2024-01-16,13382,192,31,51.84
Campaign P,2024-03-25,17447,880,56,184.8
Campaign Y,2024-03-27,48833,4503,2028,1350.9
Campaign Y,2024-03-12,10017,916,664,265.64
Campaign D,2024-03-20,35160,2061,184,886.23
Campaign W,2024-02-13,26202,214,210,29.96
Campaign O,2024-02-02,3927,324,54,48.6
Campaign W,2024-02-14,24972,1012,172,303.6
Campaign I,2024-02-07,3589,166,19,38.18
Campaign W,2024-03-20,13867,1096,980,142.48
Campaign F,2024-03-17,6237,313,197,106.42
Campaign G,2024-02-15,28959,365,265,153.3
Campaign X,2024-03-17,49237,4530,79,1721.4
Campaign G,2024-03-13,4048,206,188,57.68
Campaign W,2024-03-26,47857,698,596,195.44
Campaign L,2024-02-02,48140,529,441,142.83
Campaign Y,2024-03-31,44048,3648,1863,620.16
Campaign G,2024-01-04,35185,2870,1257,1320.2
Campaign D,2024-03-09,4725,438,41,179.58
Campaign T,2024-02-27,46846,525,175,52.5
Campaign Y,2024-01-02,15948,176,140,45.76
Campaign B,2024-03-05,48606,3145,2485,691.9
Campaign P,2024-03-10,46884,4198,1102,1301.38
Campaign V,2024-02-04,12367,381,48,182.88
Campaign N,2024-03-22,19764,170,85,85.0
Campaign Y,2024-03-21,44423,3010,1416,752.5
Campaign A,2024-03-01,31080,413,349,78.47
Campaign N,2024-01-03,35644,2977,2960,1458.73
Campaign J,2024-02-06,31506,692,473,159.16
Campaign L,2024-01-03,22740,0,0,0.0
Campaign D,2024-03-22,35232,1639,360,819.5
Campaign L,2024-03-09,23183,151,23,51.34
Campaign U,2024-04-03,19465,707,189,233.31
Campaign S,2024-04-01,38664,1216,662,243.2
Campaign B,2024-02-22,22490,1189,1015,142.68
Campaign O,2024-04-05,46671,3612,986,1011.36
Campaign T,2024-03-31,3412,318,34,146.28
Campaign I,2024-01-27,40006,3028,508,1120.36
Campaign L,2024-01-05,37385,3294,185,658.8
Campaign Y,2024-03-15,12308,1113,1013,523.11
Campaign V,2024-01-09,44197,2046,796,838.86
Campaign T,2024-03-30,7172,39,2,15.99
Campaign G,2024-01-27,21015,1460,111,481.8
Campaign Q,2024-01-12,17121,324,55,155.52
Campaign G,2024-02-24,2488,217,194,99.82
Campaign D,2024-03-10,33335,658,5,230.3
Campaign J,2024-01-09,47456,3132,1140,1284.12
Campaign F,2024-03-08,35183,418,154,66.88
Campaign Y,2024-01-15,2260,84,64,10.08
Campaign U,2024-03-13,19458,721,291,281.19
Campaign I,2024-03-04,28821,1756,909,491.68
Campaign C,2024-01-03,21675,1063,152,350.79
Campaign F,2024-01-02,41093,2562,778,666.12
Campaign D,2024-02-28,49955,4827,3725,1496.37
Campaign C,2024-02-21,3339,283,57,90.56
Campaign B,2024-01-17,2022,51,31,16.83
Campaign Y,2024-01-13,41232,1335,1230,186.9
Campaign X,2024-03-04,13128,1029,238,246.96
Campaign S,2024-01-05,1071,49,49,20.58
Campaign V,2024-01-25,26610,474,196,222.78
Campaign D,2024-03-08,1970,10,2,2.1
Campaign K,2024-02-14,30976,1836,1388,330.48
Campaign F,2024-02-20,49578,2086,692,959.56
Campaign W,2024-03-07,28237,484,315,145.2
Campaign Y,2024-04-04,38965,1208,315,567.76
Campaign S,2024-02-03,6131,366,213,73.2
Campaign R,2024-03-29,49359,495,199,183.15
Campaign I,2024-01-07,23771,1781,160,765.83
Campaign I,2024-03-26,32294,2844,2616,1052.28
Campaign P,2024-03-12,2321,196,11,70.56
Campaign C,2024-01-17,20864,878,333,175.6
Campaign H,2024-04-04,47343,2787,1322,501.66
Campaign G,2024-02-27,26520,1238,523,433.3
Campaign F,2024-01-18,12689,998,20,209.58
Campaign E,2024-01-07,32520,1260,335,352.8
Campaign C,2024-01-13,15358,1043,897,375.48
Campaign L,2024-02-20,39131,2119,915,953.55
Campaign M,2024-01-30,47581,4559,1978,1185.34
Campaign S,2024-01-05,35986,3521,1457,1760.5
Campaign O,2024-02-21,14644,940,493,253.8
Campaign Q,2024-02-07,10132,688,577,75.68
Campaign O,2024-02-22,39363,3541,1108,1026.89
Campaign R,2024-02-22,3797,363,221,137.94
Campaign M,2024-01-24,11865,965,958,318.45
Campaign G,2024-01-15,48614,1074,222,408.12
Campaign M,2024-04-09,7365,22,20,5.28
Campaign E,2024-01-22,6083,541,330,173.12
Campaign H,2024-02-28,27245,1937,1927,406.77
Campaign O,2024-02-15,48328,3583,1959,1540.69
Campaign N,2024-02-11,16008,1061,19,509.28
Campaign N,2024-03-13,34695,1627,633,406.75
Campaign T,2024-01-22,31350,2829,1760,1103.31
Campaign N,2024-03-17,48682,1403,415,659.41
Campaign G,2024-01-09,33771,2895,2281,1418.55
Campaign S,2024-03-08,18420,1482,177,548.34
Campaign D,2024-01-27,24571,1149,848,517.05
Campaign D,2024-02-04,5826,555,259,166.5
Campaign O,2024-03-29,3065,50,42,12.0
Campaign Q,2024-02-06,49316,1230,350,184.5
Campaign F,2024-01-15,4624,323,0,148.58
Campaign O,2024-01-09,34105,2252,374,720.64
Campaign F,2024-01-24,6048,553,242,71.89
Campaign I,2024-03-10,39287,83,31,25.73
Campaign K,2024-01-01,26694,2571,492,539.91
Campaign D,2024-01-28,13048,870,853,156.6
Campaign E,2024-04-05,12113,730,223,262.8
Campaign R,2024-03-02,25851,1563,1232,672.09
Campaign F,2024-03-06,33074,2855,107,371.15
Campaign R,2024-03-10,28049,293,190,38.09
Campaign I,2024-01-15,28568,2555,2423,1098.65
Campaign N,2024-01-13,5260,318,292,41.34
Campaign L,2024-02-19,35819,3496,3234,1433.36
Campaign U,2024-03-21,8207,820,64,229.6
Campaign B,2024-02-22,31106,401,175,196.49
Campaign J,2024-02-09,30664,625,234,125.0
Campaign M,2024-02-03,25047,2094,791,942.3
Campaign B,2024-02-26,15503,1424,799,512.64
Campaign T,2024-03-21,30075,299,178,53.82
Campaign W,2024-01-27,15901,1145,758,377.85
Campaign U,2024-04-03,23396,37,26,7.4
Campaign L,2024-03-31,27407,586,540,175.8
Campaign P,2024-04-03,9707,304,264,91.2
Campaign A,2024-02-23,31338,1520,519,182.4
Campaign T,2024-03-25,49453,974,660,457.78
Campaign N,2024-01-09,39261,929,355,260.12
Campaign T,2024-02-01,34392,243,107,26.73
Campaign L,2024-02-17,12121,650,436,240.5
Campaign L,2024-03-07,23165,659,176,191.11
Campaign U,2024-01-16,45142,4432,3694,1196.64
Campaign Z,2024-01-14,36659,3455,677,1347.45
Campaign I,2024-03-01,28443,1530,1149,183.6
Campaign O,2024-03-03,27780,2021,925,727.56
Campaign A,2024-03-28,45679,137,90,19.18
Campaign T,2024-02-17,30240,185,109,61.05
Campaign E,2024-02-24,42828,1485,921,564.3
Campaign R,2024-01-09,46712,3109,219,870.52
Campaign A,2024-01-29,1683,157,12,76.93
Campaign C,2024-02-13,11609,402,17,56.28
Campaign O,2024-03-16,16093,232,8,83.52
Campaign D,2024-01-14,44569,3587,476,1650.02
Campaign U,2024-01-13,5763,523,451,162.13
Campaign N,2024-03-07,14204,1420,1313,639.0
Campaign E,2024-01-16,35962,2150,1736,666.5
Campaign L,2024-01-17,49894,3464,2541,727.44
Campaign Z,2024-01-17,48695,2983,204,1282.69
Campaign T,2024-01-15,11366,911,372,382.62
Campaign H,2024-03-03,30319,749,57,202.23
Campaign I,2024-02-24,11925,918,553,385.56
Campaign P,2024-02-17,28760,2319,2070,904.41
Campaign C,2024-02-16,13024,692,267,269.88
Campaign X,2024-03-27,9035,658,155,151.34
Campaign A,2024-02-20,13102,292,175,125.56
Campaign K,2024-02-28,20810,2063,1317,557.01
Campaign X,2024-01-23,32880,613,336,232.94
Campaign M,2024-03-01,6548,66,44,31.02
Campaign O,2024-01-07,9757,457,3,109.68
Campaign L,2024-02-19,18175,1134,1097,362.88
Campaign J,2024-01-09,6862,663,445,232.05
Campaign X,2024-01-19,4761,406,56,56.84
Campaign U,2024-02-25,13797,665,518,159.6
Campaign I,2024-01-03,41242,470,293,65.8
Campaign X,2024-02-16,42575,4239,4118,1144.53
Campaign Q,2024-01-31,37961,552,238,154.56
Campaign U,2024-04-03,47275,3525,10,1057.5
Campaign S,2024-02-06,24690,2018,195,282.52
Campaign Y,2024-04-09,24601,218,211,89.38
Campaign V,2024-01-11,4623,263,7,110.46
Campaign R,2024-03-11,28653,2717,256,298.87
Campaign E,2024-01-07,35507,2325,1089,279.0
Campaign T,2024-02-06,9598,719,433,165.37
Campaign R,2024-03-14,9362,535,77,149.8
Campaign Q,2024-02-06,19528,1793,613,770.99
Campaign A,2024-03-03,6963,159,122,60.42
Campaign I,2024-01-21,45580,1686,848,522.66
Campaign R,2024-02-24,8958,354,108,77.88
Campaign N,2024-02-13,37816,1805,63,812.25
Campaign M,2024-03-30,49887,1220,809,195.2
Campaign A,2024-03-06,39499,3332,2020,866.32
Campaign K,2024-01-25,34771,2311,1985,439.09
Campaign Y,2024-01-03,45377,3344,595,668.8
Campaign L,2024-01-31,34616,1767,735,229.71
Campaign C,2024-01-27,34482,1191,64,285.84
Campaign P,2024-01-12,18245,710,644,177.5
Campaign Q,2024-01-21,48122,2491,2268,597.84
Campaign L,2024-01-30,16655,531,415,159.3
Campaign C,2024-03-29,42891,3400,918,1122.0
Campaign I,2024-01-02,42636,1132,81,486.76
Campaign V,2024-03-20,15946,1526,1490,366.24
Campaign L,2024-01-11,23007,205,114,24.6
Campaign A,2024-03-25,44568,958,935,220.34
Campaign X,2024-03-17,9045,521,337,224.03
Campaign U,2024-03-04,39710,3961,3472,792.2
Campaign F,2024-02-22,14837,360,267,169.2
Campaign W,2024-03-18,18437,1695,639,779.7
Campaign U,2024-03-04,45712,3365,1412,1514.25
Campaign Q,2024-01-09,12367,751,383,240.32
Campaign Y,2024-03-11,10785,775,336,116.25
Campaign M,2024-04-03,43047,1933,1536,541.24
Campaign Q,2024-01-08,39750,1013,478,121.56
Campaign T,2024-03-15,48642,1448,1275,535.76
Campaign A,2024-03-13,30995,3031,1007,1060.85
Campaign J,2024-01-16,12374,343,91,133.77
Campaign R,2024-01-15,1418,59,59,13.57
Campaign L,2024-01-07,17345,500,137,125.0
Campaign O,2024-02-15,19023,1857,385,594.24
Campaign J,2024-01-17,2502,19,12,6.27
Campaign N,2024-03-11,17172,1203,372,409.02
Campaign Q,2024-01-07,16946,212,22,40.28
Campaign N,2024-04-01,34273,1869,929,317.73
Campaign F,2024-02-28,31064,760,195,212.8
Campaign U,2024-03-09,9338,132,4,31.68
Campaign N,2024-02-25,24862,2261,1452,497.42
Campaign H,2024-02-17,10284,973,0,126.49
Campaign U,2024-02-12,33171,1357,954,624.22
Campaign V,2024-01-01,37189,2169,666,629.01
Campaign J,2024-01-18,22659,1652,881,214.76
Campaign X,2024-03-23,15408,1120,412,246.4
Campaign M,2024-02-01,5612,271,81,43.36
Campaign M,2024-02-21,30991,1854,42,611.82
Campaign P,2024-03-10,47321,3214,2804,964.2
Campaign K,2024-03-07,28912,1972,742,670.48
Campaign H,2024-03-05,6471,392,128,113.68
Campaign P,2024-04-02,42696,2665,575,293.15
Campaign J,2024-02-04,27844,2750,25,632.5
Campaign W,2024-01-16,25801,245,180,112.7
Campaign H,2024-04-08,17047,1036,550,383.32
Campaign Q,2024-04-03,28189,2110,194,738.5
Campaign T,2024-03-31,21742,2172,1181,390.96
Campaign I,2024-03-16,14466,1425,1026,598.5
Campaign I,2024-03-26,45841,318,195,38.16
Campaign Y,2024-02-29,37349,1215,622,291.6
Campaign B,2024-01-26,37951,2366,812,1159.34
Campaign J,2024-01-12,12889,434,337,95.48
Campaign S,2024-04-04,45106,3214,1519,899.92
Campaign G,2024-01-09,17277,1112,990,411.44
Campaign V,2024-02-17,46324,1073,352,257.52
Campaign X,2024-01-02,37693,2549,1577,305.88
Campaign T,2024-02-16,36920,2306,1289,991.58
Campaign A,2024-01-27,14888,123,69,31.98
Campaign H,2024-03-05,27025,2664,1610,372.96
Campaign W,2024-04-01,7543,200,185,68.0
Campaign D,2024-01-02,3465,87,81,21.75
Campaign S,2024-03-10,3836,81,1,12.15
Campaign F,2024-01-28,3669,268,27,53.6
Campaign Z,2024-01-28,8002,215,179,27.95
Campaign L,2024-02-04,1183,16,15,7.84
Campaign J,2024-03-17,48693,2084,1,833.6
Campaign U,2024-02-11,4452,91,20,42.77
Campaign Q,2024-01-31,32600,714,71,242.76
Campaign B,2024-02-08,27812,2029,1487,730.44
Campaign J,2024-04-08,30984,1611,834,177.21
Campaign S,2024-02-21,35852,413,167,156.94
Campaign I,2024-02-03,49280,3781,965,794.01
